"Model","Accuracy","Kappa","CI_Lower","CI_Upper"
"Decision Tree",0.925925925925926,0.896946564885496,0.757101653154373,0.990899927057694
"Naive Bayes",0.888888888888889,0.850553505535055,0.708413075726448,0.976472545619146
"Random Forest",0.962962962962963,0.948473282442748,0.810294382586955,0.999062742908055
